part_id,flat_area,flat_perimeter,flat_bounding_box,folded_bounding_box,is_part_sheet_metal,material_thickness,num_bends,num_holes
WP-2,99.62516932353584,91.76226438392096,"[82.04116455688768, 12.710206839434257, 9.902390730854837]","[87.26479799230484, 80.51921050871428, 63.28686388428718]",True,5.200646729680278,4.570761617854842,1.152344168374494
